{"cameraMode":{"drawMode":0,"name":"Shaded","section":"Shading Mode"},"sceneLighting":false,"audioPlay":false,"sceneViewState":{"m_AlwaysRefresh":false,"showFog":true,"showSkybox":true,"showFlares":true,"showImageEffects":true,"showParticleSystems":true,"showVisualEffectGraphs":true,"m_FxEnabled":true},"in2DMode":false,"pivot":{"x":3.011118173599243,"y":1.3330011367797852,"z":-0.6789342761039734},"rotation":{"x":0.10732457786798477,"y":-0.09232495725154877,"z":0.010010026395320893,"w":0.9898790717124939},"size":4.6393890380859379,"orthographic":false}