{"cameraMode":{"drawMode":0,"name":"Shaded","section":"Shading Mode"},"sceneLighting":false,"audioPlay":false,"sceneViewState":{"m_AlwaysRefresh":false,"showFog":true,"showSkybox":false,"showFlares":true,"showImageEffects":true,"showParticleSystems":true,"showVisualEffectGraphs":true,"m_FxEnabled":true},"in2DMode":false,"pivot":{"x":0.30925846099853518,"y":1.408369541168213,"z":-0.11123275756835938},"rotation":{"x":0.039750292897224429,"y":0.9564721584320068,"z":-0.15631802380084992,"w":0.24320882558822633},"size":10.5980863571167,"orthographic":false}